Time (s),Position (m)
0.36,0.1596665
0.38,0.1651545
0.4,0.169442
0.42,0.1754445
0.44,0.1853915
0.46,0.1991115
0.48,0.210602
0.5,0.2255225
0.52,0.2402715
0.54,0.25725
0.56,0.2752575
0.58,0.2941225
0.6,0.313845
0.62,0.3342535
0.64,0.3555195
0.66,0.3771285
0.68,0.3997665
0.7,0.422919
0.72,0.446243
0.74,0.470253
0.76,0.4947775
0.78,0.5194735
0.8,0.5421115
0.82,0.567322
0.84,0.594762
0.86,0.6210015
0.88,0.647927
0.9,0.6762245
0.92,0.7070945
0.94,0.7434525
